{
  "resourceType": "RelatedPerson",
  "id": "521a75f2-2781-417a-989e-abd462cc6624",
  "meta": {
    "profile": [
      "https://team-a-hl7.org/fhir/StructureDefinition/PetOwnerRelatedPersonProfile"
    ]
  },
  "telecom": [
    {
      "system": "phone",
      "value": "+57(601)111-1111",
      "use": "home"
    },
    {
      "system": "phone",
      "value": "+57(300)222-2222",
      "use": "home"
    }
  ],
  "relationship": [
    {
      "coding": [
        {
          "system": "http://snomed.info/sct",
          "code": "224150009",
          "display": "Pet ownership"
        }
      ]
    }
  ],
  "identifier": [
    {
      "use": "official",
      "type": {
        "coding": [
          {
            "code": "PN",
            "system": "http://terminology.hl7.org/CodeSystem/v2-0203",
            "display": "Person Number"
          }
        ]
      },
      "value": "28374987"
    }
  ],
  "active": true,
  "patient": {
    "reference": "Patient/64765015-97b9-4391-bab2-c6b821527adc"
  },
  "name": [
    {
      "family": "Reyes López",
      "given": [
        "María"
      ],
      "text": "María Reyes López"
    }
  ],
  "address": [
    {
      "use": "home",
      "text": "Cll 140 # 7B-75",
      "city": "Bogotá D.C",
      "state": "Bogotá D.C.",
      "postalCode": "110121",
      "country": "CO"
    }
  ]
}
