{
  "resourceType": "ValueSet",
  "status": "active",
  "name": "AnimalGenderStatus",
  "id": "AnimalGenderStatus",
  "title": "Animal GenderStatus Value Set",
  "description": "Codes of the Animal Gender Status",
  "url": "http://team-a-hl7.org/fhir/ValueSet/AnimalGenderStatus",
  "version": "4.0.1",
  "experimental": true,
  "purpose": "This FHIR resource type CodeSystem has been created for educational purposes.",
  "compose": {
    "include": [
      {
        "system": "http://hl7.org/fhir/animal-genderstatus"
      }
    ]
  }
}
