{
  "resourceType": "ValueSet",
  "status": "active",
  "name": "AnimalSpecie",
  "id": "AnimalSpecie",
  "title": "Animal Specie Value Set",
  "description": "Codes of the Animal Specie types",
  "url": "http://team-a-hl7.org/fhir/ValueSet/AnimalSpecieList",
  "version": "4.0.1",
  "experimental": true,
  "purpose": "This FHIR resource type CodeSystem has been created for educational purposes.",
  "compose": {
    "include": [
      {
        "system": "http://team-a-hl7.org/fhir/CodeSystem/AnimalSpecieCs"
      }
    ]
  }
}
